﻿<DataObject comparison="Ordinal">
  <Section id="">
    <Subsections>
      <Section id="General">
        <Subsections />
        <Entries>
          <Entry key="ElapsedTime">
            <double>7.175971</double>
          </Entry>
          <Entry key="StartedAt">
            <dateTime>2023-06-23T15:48:26.3210812+05:30</dateTime>
          </Entry>
          <Entry key="EndedAt">
            <dateTime>2023-06-23T15:48:33.4970522+05:30</dateTime>
          </Entry>
          <Entry key="ReplayStatus">
            <LastReplayRunStatus>Failed</LastReplayRunStatus>
          </Entry>
          <Entry key="NumberOfReplayErrors">
            <int>2</int>
          </Entry>
          <Entry key="NumberOfReplayCriticalErrors">
            <int>2</int>
          </Entry>
          <Entry key="NumberOfCompilationErrors">
            <int>0</int>
          </Entry>
        </Entries>
      </Section>
    </Subsections>
    <Entries>
      <Entry key="Iterations">
        <int>1</int>
      </Entry>
    </Entries>
  </Section>
</DataObject>